AccountId,Email,FirstName,Id,LastName,Phone
001Dp00000CbkaQIAR,rose@edge.com,Rose,003Dp000004G7caIAC,Gonzalez,(512) 757-6000
001Dp00000CbkaQIAR,sean@edge.com,Sean,003Dp000004G7cbIAC,Forbes,(512) 757-6000
001Dp00000CbkaRIAR,jrogers@burlington.com,Jack,003Dp000004G7ccIAC,Rogers,(336) 222-7000
001Dp00000CbkaSIAR,pat@pyramid.net,Pat,003Dp000004G7cdIAC,Stumuller,(014) 427-4427
001Dp00000CbkaTIAR,ayoung@gmail.com,Andy,003Dp000004G7ceIAC,Young,(785) 241-6200
001Dp00000CbkaUIAR,barr_tim@grandhotels.com,Tim,003Dp000004G7cfIAC,Barr,(312) 596-1000
001Dp00000CbkaUIAR,bond_john@grandhotels.com,John,003Dp000004G7cgIAC,Bond,(312) 596-1000
001Dp00000CbkaVIAR,spavlova@uog.com,Stella,003Dp000004G7chIAC,Pavlova,(212) 842-5500
001Dp00000CbkaVIAR,lboyle@uog.com,Lauren,003Dp000004G7ciIAC,Boyle,(212) 842-5500
001Dp00000CbkaVIAR,asong@uog.com,Arthur,003Dp000004G7cmIAC,Song,(212) 842-5500
001Dp00000CbkaVIAR,agreen@uog.com,Avi,003Dp000004G7crIAC,Green,(212) 842-5500
001Dp00000CbkaWIAR,b.levy@gmail.com,Babara,003Dp000004G7cjIAC,Levy,(503) 421-7800
001Dp00000CbkaWIAR,j.davis@gmail.com,Josh,003Dp000004G7ckIAC,Davis,(503) 421-7800
001Dp00000CbkaXIAR,jane_gray@uoa.edu,Jane,003Dp000004G7clIAC,Grey,(520) 773-9050
001Dp00000CbkaYIAR,ajames@uog.com,Ashley,003Dp000004G7cnIAC,James,+44 191 4956203
001Dp00000CbkaZIAR,tripley@uog.com,Tom,003Dp000004G7coIAC,Ripley,(650) 450-8810
001Dp00000CbkaZIAR,ldcruz@uog.com,Liz,003Dp000004G7cpIAC,D'Cruz,(650) 450-8810
001Dp00000CbkaaIAB,efrank@genepoint.com,Edna,003Dp000004G7cqIAC,Frank,(650) 867-3450
001Dp00000CbkaaIAB,mmonk@genepoint.com,Malik,003Dp000003LLlFIAW,Monk,916-353-2422
001Dp00000CbkaaIAB,jpoole@genepoint.com,Jordan,003Dp000003LLlEIAW,Poole,(650) 867-3450
001Dp00000CbkabIAB,jllorrac@yahoo.com,Jake,003Dp000004G7ctIAC,Llorrac,
001Dp00000CbkabIAB,snedaerk@yahoo.com,Siddartha,003Dp000004G7csIAC,Nedaerk,
